billing_id,cardnumber,bank,cvv
1,417500 663883 7326,Mollis Nec Inc.,603
2,2.01465E+14,Amet Dapibus LLC,789
3,4532 9294 4573 2778,Malesuada Ltd,498
4,490546 584867 6824,Dis Parturient Corp.,872
5,3.67541E+14,Mi Foundation,150
6,3.00857E+14,Ullamcorper Nisl Limited,112
7,676797 8924283861,Auctor Incorporated,194
8,670 96653 34844 553,Vulputate Velit Associates,387
9,6497 7264 5282 5646,Aliquet Metus Urna Industries,249
10,6706 2595 9259 8367,Lacus Inc.,502
11,3739 377649 78328,Augue Ut PC,462
12,5871 531863 5574,Eget Ipsum Consulting,447
13,3033 944267 42939,Ut Nulla Cras Inc.,253
14,4175 0044 6495 6344,Dui Suspendisse Ac Associates,668
15,450856 7721535687,Dolor Dapibus Corp.,823
16,3647 199763 29693,Arcu PC,821
17,6.76233E+11,Donec Fringilla Foundation,940
18,2.14985E+14,Magnis Inc.,700
19,3471 288643 51565,Dolor LLP,853
20,543375 456579 4540,Massa Rutrum Associates,651
21,6.70685E+15,Amet Massa Inc.,513
22,402400 719925 2114,Per Inceptos Ltd,321
23,491 36263 33278 745,In Aliquet Lobortis Corporation,554
24,633110 2684422943,Porttitor Incorporated,490
25,3.03363E+14,Orci Quis Lectus LLC,256
26,3.46593E+14,Tristique Senectus Et Consulting,127
27,522187 2786571384,Urna Et LLP,296
28,3665 878652 88843,A Corp.,322
29,2.01423E+14,Arcu Ac Orci Ltd,527
30,601 13866 93866 771,Lacus Varius Et Corporation,478
31,5647 127335 73651,Nulla Dignissim LLC,287
32,2.01434E+14,Velit Dui Foundation,557
33,2.14948E+14,Proin Eget Odio Corp.,581
34,633110 3588243617,Sit Associates,830
35,676 72168 59187 843,Eu Odio Associates,752
36,5595 8897 1544 9589,Duis Elementum Corporation,515
37,3637 768462 26682,Placerat Limited,528
38,6.33359E+18,Ac Arcu Limited,551
39,670 62798 37813 991,Maecenas Iaculis Foundation,400
40,5534 8236 4733 4431,Turpis Egestas Aliquam PC,147
41,4929 8812 3446 4272,Id Inc.,537
42,6.75957E+14,Donec Tincidunt Donec Corporation,427
43,6304 3482 4568 7283,Pharetra Nam Inc.,297
44,6761 834 71 1237,Nascetur Ltd,434
45,3651 764743 86924,Sapien Nunc Institute,755
46,493657 48 8689 8114 623,Quisque Ac Libero Institute,630
47,3666 976413 86496,Diam Dictum PC,427
48,3.64279E+14,Ullamcorper Duis Foundation,799
49,5331 8577 2348 8591,Non Lorem Inc.,945
50,4913 3415 1325 1468,Vitae Dolor Company,724
51,5576 8676 9822 2465,Sed Institute,771
52,6.49845E+15,Ac Fermentum Vel PC,994
53,648568 5338136475,Pellentesque Massa Ltd,936
54,589 39554 22797 971,Lectus Sit Corporation,909
55,6481 4988 4242 9715,Sed Associates,259
56,6.30475E+17,Amet Corp.,239
57,3.03682E+14,Cursus Integer Limited,570
58,3.49747E+14,Ut Pellentesque Foundation,497
59,2.14913E+14,Nec Institute,373
60,543987 3424236610,Sem Molestie Industries,940
61,2149 323753 29436,Odio Incorporated,514
62,6.33458E+17,Tristique Senectus Incorporated,500
63,5.72618E+12,Feugiat Limited,166
64,512184 324694 8422,Sed Libero Proin Incorporated,896
65,633425 13 5453 4652 726,Cras Inc.,305
66,2149 183576 69444,Ac Mattis Velit Foundation,635
67,601 14876 63557 687,Ut Nulla Cras LLP,789
68,5438 2757 1768 2578,Felis Nulla Tempor Corporation,893
69,3.01653E+14,Sit Amet Limited,266
70,3.03749E+14,Commodo Ipsum LLP,578
71,2149 665355 66370,Vitae Dolor Donec LLP,298
72,633432 8761752533,Diam Duis Mi Associates,942
73,491 36423 97366 367,Dui Fusce Associates,838
74,675942 388637 5934,Magna Nam Limited,389
75,5376 5653 3536 6925,Ornare Corporation,559
76,4936 7323 8224 6147,Justo Eu Arcu Industries,822
77,453276 636724 1259,Nascetur Ridiculus Mus Limited,988
78,3.66562E+14,Rutrum Magna Limited,734
79,646 13827 22746 477,Proin Sed LLP,820
80,4.92948E+15,Eros Non Corporation,748
81,4.02672E+15,Nulla Cras Eu Ltd,439
82,3636 231483 43239,Commodo At Foundation,923
83,5.2563E+15,Ullamcorper Duis Corporation,143
84,601 18535 67567 447,Leo Elementum LLC,684
85,3.76589E+14,Sit Institute,172
86,656658 184525 8492,Urna Ut LLC,436
87,3665 617752 26268,Curabitur Ut Incorporated,304
88,3726 294645 45710,Cursus Consulting,351
89,537229 8975486878,Lacus Corp.,410
90,649 47486 39313 224,Pharetra Quisque Ac Institute,512
91,3477 478614 27829,Egestas PC,407
92,5586 7139 5786 6899,Feugiat Nec Corp.,946
93,633472 9857274631,Rutrum Company,914
94,3.41419E+14,Euismod Mauris Eu Industries,315
95,417500 746335 3298,Elit Incorporated,841
96,630488 59 1421 7382 136,Non Justo Proin Incorporated,298
97,491185 7833657458,Fringilla Purus Mauris Institute,131
98,3668 188484 28465,Lorem Ipsum Dolor Foundation,917
99,3483 442678 35794,Libero Nec Ligula Ltd,767
100,492 93462 65932 886,Sed Eu Eros Institute,936
