client_id,firstname,lastname,phone,email,address,location_id,billing_id
1,Lavinia,Miller,(07) 1084 7716,nulla@google.com,6061 Vitae Av.,28,1
2,Kim,Bullock,(05) 1010 5126,id@outlook.com,177-3693 Ligula. Av.,51,2
3,Nola,Rojas,(05) 3831 1163,lorem.auctor@outlook.couk,P.O. Box 486 7412 Et St.,21,3
4,Remedios,Tillman,(07) 2286 4642,orci.luctus@protonmail.edu,P.O. Box 321 4380 Ullamcorper Av.,62,4
5,Hammett,Mcguire,(03) 7636 2177,vehicula@outlook.org,292-4848 Vitae Ave,70,5
6,Jolene,Walters,(02) 8320 3067,nisl.maecenas.malesuada@google.ca,P.O. Box 219 7762 Libero. Street,1,6
7,Lane,Stafford,(05) 3547 5598,velit@icloud.edu,130-7850 Mi Ave,15,7
8,Xanthus,Wilkerson,(05) 5508 3757,egestas.aliquam@protonmail.net,899-3572 Quisque St.,65,8
9,Clementine,Mullins,(05) 9138 2517,dictum@protonmail.com,9968 Porttitor St.,36,9
10,Zachery,Petty,(05) 4089 5012,lacus.etiam.bibendum@yahoo.com,987-4474 Donec Rd.,4,10
11,Channing,Maxwell,(08) 3513 5901,vel.lectus@icloud.ca,Ap #335-5987 Lacus. Av.,72,11
12,Clio,Hamilton,(08) 4441 7783,ultrices.sit@protonmail.edu,686-5023 Pretium Rd.,49,12
13,Geoffrey,Mitchell,(05) 9463 0441,sem@protonmail.com,Ap #153-7945 Nulla Road,51,13
14,Quemby,Stanton,(08) 4183 6384,sociosqu.ad.litora@protonmail.net,Ap #158-9242 Natoque Rd.,33,14
15,Kelly,Ford,(08) 0334 1885,sed.id@protonmail.edu,936-6628 Dui Street,21,15
16,Gisela,Knox,(07) 6417 6676,ultricies.dignissim@google.couk,Ap #885-2009 Integer Street,67,16
17,Jared,Vang,(06) 3423 8154,sit.amet@yahoo.couk,Ap #106-2486 Facilisis Av.,34,17
18,Jackson,Copeland,(01) 7342 3890,dolor.sit.amet@icloud.ca,6616 Felis Av.,45,18
19,Astra,Bryant,(07) 7253 5414,eu@hotmail.couk,766-5579 Aliquam St.,18,19
20,Tashya,Bradford,(06) 5632 6840,quisque.ornare.tortor@google.com,482-5172 Proin St.,68,20
21,Winter,Cain,(06) 8831 8175,sapien.cursus@protonmail.com,P.O. Box 163 1624 Sem Rd.,36,21
22,Octavia,Townsend,(08) 2323 2575,eu.nibh@hotmail.net,Ap #826-2221 Adipiscing Avenue,13,22
23,Hiram,Bonner,(02) 5459 2542,fringilla.donec.feugiat@google.couk,Ap #688-3001 Quis Ave,22,23
24,Jelani,Stanley,(07) 3731 9332,massa.non.ante@outlook.org,Ap #553-2682 Vitae Ave,47,24
25,Emily,Kent,(07) 8552 1122,venenatis.a.magna@hotmail.ca,Ap #490-8448 At Street,22,25
26,Iris,Terrell,(07) 6997 5634,non@yahoo.org,9677 Nam Avenue,44,26
27,Ora,Harris,(08) 6224 5516,pede.nonummy@icloud.couk,4616 Mauris St.,47,27
28,Minerva,Rowe,(08) 1866 1455,mauris@outlook.net,9785 Nulla. Av.,33,28
29,Russell,Best,(01) 6136 3871,dui@hotmail.net,833-1208 Cum Rd.,60,29
30,Hyatt,Rhodes,(01) 6062 8360,donec@yahoo.couk,751-2001 Fames Road,42,30
31,Troy,Shaffer,(02) 1545 6135,dolor@hotmail.net,Ap #660-2537 Accumsan St.,23,31
32,Dolan,Ewing,(05) 8475 9937,mauris.ut.mi@outlook.edu,Ap #190-6727 Ante. Av.,57,32
33,Liberty,Velazquez,(07) 4488 2052,nec@outlook.edu,Ap #225-1744 Cras Av.,14,33
34,Jemima,Vincent,(03) 2085 2152,natoque.penatibus@icloud.ca,Ap #930-1353 Pede Rd.,7,34
35,Shaeleigh,Lucas,(08) 8449 7002,purus.mauris.a@hotmail.org,120-4605 Faucibus Ave,69,35
36,Olga,Todd,(06) 0976 7497,nec.cursus@hotmail.edu,Ap #948-8880 Eu Ave,22,36
37,Brianna,King,(06) 6587 2354,diam.dictum@hotmail.edu,3083 Aliquet St.,60,37
38,Kirby,Holman,(04) 3369 8638,dolor.sit@yahoo.org,779-5432 Tortor St.,62,38
39,Karina,Hammond,(02) 6478 2344,blandit.at@icloud.net,P.O. Box 214 8956 Suscipit St.,4,39
40,Ivory,Valentine,(06) 8580 6533,tortor.nunc@yahoo.couk,Ap #804-1710 Pellentesque Road,15,40
41,Avye,Mcintosh,(06) 8328 1286,egestas@icloud.net,1626 Turpis Street,2,41
42,Mira,Johns,(04) 8108 3257,fringilla.ornare.placerat@protonmail.com,3443 Libero St.,5,42
43,Genevieve,Powell,(07) 4361 2472,ante.nunc@hotmail.ca,422-3436 Erat St.,35,43
44,Kay,Watson,(03) 8503 4675,vitae.purus@icloud.net,5626 Pharetra Av.,24,44
45,April,Wolf,(05) 6844 6629,magnis.dis@hotmail.com,Ap #743-8238 Lorem Street,11,45
46,Craig,Sanford,(09) 1053 3711,id.libero@icloud.couk,5080 Adipiscing Ave,41,46
47,Kirk,Black,(02) 8167 1586,donec@yahoo.org,Ap #188-8307 Quisque Ave,15,47
48,Wade,Gay,(06) 7895 7261,a.dui.cras@icloud.com,Ap #966-8165 Sed Av.,63,48
49,Jaden,Crosby,(07) 1246 7396,auctor.vitae@google.com,4169 Mi. Road,53,49
50,Aaron,Sellers,(05) 0570 4536,ac@google.ca,Ap #359-8104 Aliquam Av.,1,50
51,Brandon,Oliver,(06) 8083 7372,eu.sem@outlook.org,6153 Augue Rd.,21,51
52,Reuben,Hayden,(03) 1053 5438,nisl.nulla.eu@hotmail.ca,139-8371 Auctor Ave,63,52
53,Stacey,Gaines,(06) 7478 9864,congue@protonmail.couk,P.O. Box 752 4043 Dui St.,10,53
54,Carly,Adams,(07) 1913 9237,risus.quis@outlook.net,Ap #489-7199 Dapibus Avenue,43,54
55,Hayley,Castro,(03) 4673 2396,lacinia.vitae@hotmail.net,499-6637 Odio. St.,39,55
56,Lamar,Mayo,(07) 1666 4621,elit@yahoo.edu,Ap #252-8293 Donec Avenue,24,56
57,Josiah,Riley,(08) 9423 8954,nibh.donec.est@hotmail.ca,3063 Interdum Avenue,23,57
58,Chloe,Houston,(03) 8351 7341,vel@protonmail.edu,Ap #670-5413 Ante. St.,28,58
59,Gloria,Peterson,(02) 2479 8924,ut.pharetra@hotmail.ca,Ap #219-8713 Amet Street,43,59
60,Kirby,Huffman,(01) 0427 2723,nunc.ut@google.edu,Ap #100-9314 Gravida Rd.,38,60
61,Linus,Johnson,(06) 7474 4418,litora.torquent.per@outlook.com,P.O. Box 448 1643 Orci. Rd.,33,61
62,Meghan,Dejesus,(03) 3730 6792,nibh@outlook.edu,Ap #392-3232 Eu Road,36,62
63,Kenyon,Schmidt,(07) 5593 8648,curabitur.dictum@google.edu,4098 Id Rd.,24,63
64,Lynn,Harmon,(03) 6541 7732,nunc.sit@yahoo.couk,466-5714 Pede. Avenue,21,64
65,Noble,Dorsey,(03) 0035 1734,primis.in@hotmail.net,471-8131 Fusce St.,29,65
66,Teagan,Malone,(01) 8888 3404,quisque.purus@icloud.couk,717-9883 Quisque Street,71,66
67,Ocean,Edwards,(02) 4133 3487,nec.tempus.mauris@outlook.couk,939-2661 Sit St.,60,67
68,Lawrence,Dorsey,(06) 1637 4313,felis@icloud.ca,Ap #348-429 Ipsum Av.,11,68
69,Alfonso,Curry,(04) 5816 4729,tristique@icloud.net,318-2335 Augue Av.,6,69
70,Evelyn,Blevins,(01) 0847 5557,vestibulum.ante@icloud.net,822-8013 Elit Av.,46,70
71,Jaime,Compton,(03) 9859 8702,pede.nunc@yahoo.ca,Ap #288-8897 Eget Av.,47,71
72,Amela,Watson,(04) 5742 8575,accumsan.convallis.ante@protonmail.net,370-7926 Lacus Av.,17,72
73,Hashim,Norman,(02) 1475 9594,lobortis.tellus@google.ca,495-9610 Arcu. Road,36,73
74,Maggy,Bruce,(05) 0257 9315,ultrices@hotmail.edu,Ap #285-537 Ligula Ave,29,74
75,Bryar,Williamson,(05) 7565 3615,euismod.urna@yahoo.couk,Ap #624-7062 Sed Ave,64,75
76,Sydney,Figueroa,(01) 1213 6312,consectetuer.ipsum@google.edu,903-7730 Egestas St.,29,76
77,Juliet,Martin,(03) 8711 2642,et.magnis@icloud.ca,6986 Laoreet St.,9,77
78,Laith,Wheeler,(06) 8375 7216,natoque.penatibus.et@icloud.com,606-3418 Suspendisse St.,32,78
79,Lee,Small,(04) 7237 0516,et@protonmail.net,1002 Varius Rd.,52,79
80,Tucker,Leonard,(01) 4325 4512,ultrices.sit@hotmail.edu,P.O. Box 248 5563 Non Rd.,54,80
81,Nelle,Nichols,(07) 6853 4158,odio.a@protonmail.couk,P.O. Box 262 8228 Dui. Av.,1,81
82,Oren,Farrell,(05) 1427 9697,ac.libero@icloud.org,Ap #740-7993 Aliquam Ave,35,82
83,Nathaniel,Marquez,(07) 3578 2445,ipsum.leo@protonmail.edu,9833 Donec Street,70,83
84,Minerva,Villarreal,(03) 2911 4438,phasellus.nulla@outlook.com,P.O. Box 760 350 Dapibus Av.,65,84
85,Tate,Preston,(01) 8260 0617,ligula@yahoo.org,Ap #936-3155 Sed Ave,57,85
86,Zephania,Medina,(04) 8746 7111,dolor.quisque@yahoo.edu,6824 Vitae Ave,21,86
87,Eric,Melton,(04) 5036 3032,urna.vivamus@google.edu,134 Mauris. Avenue,55,87
88,Eugenia,Mayo,(05) 1545 8154,ac.sem.ut@protonmail.couk,582-1114 Nulla Av.,40,88
89,Dawn,Mayer,(07) 2847 0578,nec.euismod@outlook.ca,P.O. Box 412 290 Augue Ave,21,89
90,Ulric,Pollard,(04) 4711 7453,tincidunt.nibh@icloud.edu,958 At Road,18,90
91,Nichole,Irwin,(03) 6338 4579,a.mi@outlook.edu,7323 Et Ave,29,91
92,Alisa,Ray,(01) 7628 3543,euismod.ac@icloud.couk,Ap #296-7311 Lobortis Road,40,92
93,Julie,Edwards,(09) 4548 3330,odio.vel@yahoo.couk,Ap #939-3184 Erat Av.,64,93
94,Wilma,Bullock,(04) 8569 1104,lacus@protonmail.net,Ap #290-7788 Ut Rd.,43,94
95,Trevor,Sharpe,(06) 9683 2925,lacus@hotmail.edu,5437 Pede. St.,51,95
96,Shellie,Mercer,(04) 9118 3588,luctus.aliquet@google.com,P.O. Box 633 4177 Condimentum. Road,63,96
97,Kaseem,Gilbert,(07) 6248 8334,enim.curabitur@icloud.couk,Ap #569-6484 Lacus Rd.,68,97
98,Felix,Wilson,(08) 4002 6174,vitae@protonmail.net,P.O. Box 686 6914 Netus Road,21,98
99,Ramona,English,(09) 2671 7061,ad.litora@outlook.edu,P.O. Box 752 2684 Purus Av.,64,99
100,Amir,Morrow,(04) 3834 3228,nam.consequat@icloud.com,148-6331 Elit St.,44,100
