employee_id,firstname,lastname,phone,email,address,location_id
1,Alden,Mcmillan,(02) 8324 6315,adipiscing@google.org,126-8996 Fringilla Avenue,33
2,Meredith,Martin,(04) 8052 3178,nunc.ac.sem@aol.com,405-616 Auctor. Rd.,52
3,Merritt,Carroll,(08) 8137 3446,phasellus.vitae@outlook.net,Ap #758-3928 Proin Rd.,34
4,Gwendolyn,Grimes,(09) 5581 4404,purus.gravida@aol.edu,P.O. Box 373 5784 Condimentum St.,5
5,Summer,Zamora,(02) 2743 7671,parturient.montes@icloud.ca,6718 Tellus St.,53
6,Jena,Lynch,(03) 8701 6321,orci.lobortis.augue@aol.org,382-7512 A Rd.,49
7,Hayley,Gomez,(03) 7722 9718,lacus@protonmail.org,P.O. Box 254 2797 Nec Avenue,2
8,Amela,Harris,(06) 2244 1894,ut.sagittis@hotmail.net,362-1227 Mattis. St.,22
9,Hashim,Buckner,(06) 3273 0962,nec.ante.blandit@icloud.org,P.O. Box 407 9652 Urna. Av.,49
10,Bevis,Sawyer,(03) 6587 4902,neque.tellus@protonmail.net,Ap #146-8874 Lobortis St.,46
11,Berk,Rasmussen,(07) 7986 4588,nam.porttitor@aol.org,P.O. Box 699 4556 Aenean Road,24
12,Roary,Short,(02) 0164 8158,feugiat.metus@yahoo.net,628-7672 Sit Avenue,18
13,Kareem,Evans,(08) 1841 8319,venenatis@protonmail.com,P.O. Box 249 6233 Et Av.,62
14,Alvin,Huffman,(06) 9683 5113,arcu.vestibulum.ante@protonmail.couk,P.O. Box 761 6242 Egestas Rd.,56
15,Neville,Rocha,(08) 5829 6813,semper.et@hotmail.couk,697-1442 Aliquam Road,42
16,Astra,Fields,(05) 9578 7742,ipsum.cursus@google.com,5236 Gravida Rd.,8
17,Jescie,Avila,(08) 2771 4573,neque.nullam@yahoo.ca,Ap #284-8222 Lectus Road,70
18,Joshua,Boyer,(05) 7826 8208,netus@icloud.couk,5764 Cras Road,14
19,Evelyn,Joyner,(02) 1760 6948,facilisis.eget.ipsum@yahoo.org,Ap #607-2401 Sed St.,12
20,Ina,Casey,(02) 3721 2761,pede.nonummy.ut@icloud.ca,Ap #892-5937 Non St.,48
21,Samson,Gould,(09) 8344 5886,natoque@aol.com,1187 Urna Rd.,39
22,Michael,Head,(05) 6382 7146,integer.urna@outlook.net,Ap #760-8226 Montes St.,50
23,Brenna,Walker,(04) 2279 7429,tempor@yahoo.edu,580 Metus. Street,57
24,Timon,Brewer,(03) 7677 4826,ut.nisi.a@hotmail.couk,2522 Vivamus Av.,23
25,Bryar,Pope,(06) 9667 7960,velit.egestas@hotmail.ca,441-5995 Rutrum Rd.,32
26,Perry,Sherman,(04) 4663 3843,dictum.eu@icloud.couk,Ap #463-277 Convallis Ave,9
27,Wayne,Wolfe,(04) 7879 5315,magna.ut@google.com,615 Adipiscing Ave,49
28,Garrett,Sims,(02) 8226 7133,nec.tempus.scelerisque@hotmail.edu,626-2974 Ullamcorper Street,53
29,Rhona,Marquez,(07) 3162 9164,sociis.natoque.penatibus@protonmail.ca,Ap #928-958 Quis Road,45
30,Xaviera,Melendez,(05) 2368 2813,dolor@hotmail.couk,991-5535 Eu Av.,24
